# {"t_start": 1595974520.0374413, "env_id": "UR5HumanCollisionEnv-v0"} 
r,l,t
-8298.158268,1000,6.466838
-9018.210361,1000,10.733674
6.976678,1000,14.843685
