# {"t_start": 1595974520.0537324, "env_id": "UR5HumanCollisionEnv-v0"} 
r,l,t
7.673985,1000,6.450054
-279.684035,1000,10.717124
-1999.061535,1000,14.827422
